/*
 Navicat Premium Data Transfer

 Source Server         : my_ali
 Source Server Type    : MySQL
 Source Server Version : 50725
 Source Host           : 47.102.199.169:3306
 Source Schema         : assets_management

 Target Server Type    : MySQL
 Target Server Version : 50725
 File Encoding         : 65001

 Date: 21/05/2019 20:23:57
*/

SET NAMES utf8mb4;
SET FOREIGN_KEY_CHECKS = 0;

-- ----------------------------
-- Table structure for allot_detail
-- ----------------------------
DROP TABLE IF EXISTS `allot_detail`;
CREATE TABLE `allot_detail`  (
  `id` bigint(64) NOT NULL AUTO_INCREMENT,
  `assets_id` varchar(64) CHARACTER SET utf8 COLLATE utf8_general_ci NULL DEFAULT NULL COMMENT '资产ID',
  `allot_id` bigint(64) NULL DEFAULT NULL COMMENT '调拨ID',
  `transferId` bigint(20) NULL DEFAULT NULL COMMENT '移交ID',
  PRIMARY KEY (`id`) USING BTREE,
  INDEX `FK1gan1k2c15kfecf8f2df9frgy`(`transferId`) USING BTREE,
  INDEX `FKns1y7dt0l1hftnu4k99nvccgv`(`allot_id`) USING BTREE,
  CONSTRAINT `FK1gan1k2c15kfecf8f2df9frgy` FOREIGN KEY (`transferId`) REFERENCES `allot_master` (`allot_id`) ON DELETE RESTRICT ON UPDATE RESTRICT,
  CONSTRAINT `FKns1y7dt0l1hftnu4k99nvccgv` FOREIGN KEY (`allot_id`) REFERENCES `allot_master` (`allot_id`) ON DELETE RESTRICT ON UPDATE RESTRICT
) ENGINE = InnoDB AUTO_INCREMENT = 21 CHARACTER SET = utf8 COLLATE = utf8_general_ci COMMENT = '调拨详表' ROW_FORMAT = Dynamic;

-- ----------------------------
-- Records of allot_detail
-- ----------------------------
INSERT INTO `allot_detail` VALUES (19, '2671558094343804622', 1558102959895, NULL);
INSERT INTO `allot_detail` VALUES (20, '2681558095745030861', 1558146497514, NULL);

-- ----------------------------
-- Table structure for allot_master
-- ----------------------------
DROP TABLE IF EXISTS `allot_master`;
CREATE TABLE `allot_master`  (
  `allot_id` bigint(32) NOT NULL COMMENT '调拨编号',
  `start_time` date NULL DEFAULT NULL COMMENT '调拨时间',
  `department_A` varchar(64) CHARACTER SET utf8 COLLATE utf8_general_ci NULL DEFAULT NULL COMMENT '调拨放',
  `department_B` varchar(64) CHARACTER SET utf8 COLLATE utf8_general_ci NULL DEFAULT NULL COMMENT '接收方',
  `state` bigint(32) NULL DEFAULT NULL COMMENT '0-无人核对 1-表示甲核对  2-都已核对',
  `mid_time` date NULL DEFAULT NULL COMMENT '调拨方核对时间',
  `end_time` date NULL DEFAULT NULL COMMENT '接收方核对时间',
  PRIMARY KEY (`allot_id`) USING BTREE
) ENGINE = InnoDB CHARACTER SET = utf8 COLLATE = utf8_general_ci COMMENT = '调拨主表' ROW_FORMAT = Dynamic;

-- ----------------------------
-- Records of allot_master
-- ----------------------------
INSERT INTO `allot_master` VALUES (1558102959895, '2019-05-17', '总公司', '分公司B', 0, NULL, NULL);
INSERT INTO `allot_master` VALUES (1558146497514, '2019-05-18', '分公司B', '分公司A', 0, NULL, NULL);

-- ----------------------------
-- Table structure for assets
-- ----------------------------
DROP TABLE IF EXISTS `assets`;
CREATE TABLE `assets`  (
  `card_id` bigint(32) NOT NULL AUTO_INCREMENT COMMENT '卡片自增ID，用于查询',
  `assets_id` varchar(64) CHARACTER SET utf8 COLLATE utf8_general_ci NOT NULL COMMENT '资产编码',
  `area` varchar(64) CHARACTER SET utf8 COLLATE utf8_general_ci NULL DEFAULT NULL COMMENT '地区',
  `kind` varchar(64) CHARACTER SET utf8 COLLATE utf8_general_ci NOT NULL COMMENT '货物类别',
  `ascription` varchar(64) CHARACTER SET utf8 COLLATE utf8_general_ci NULL DEFAULT NULL COMMENT '货物归属',
  `maker` varchar(64) CHARACTER SET utf8 COLLATE utf8_general_ci NULL DEFAULT NULL COMMENT '制造商',
  `supplier` varchar(64) CHARACTER SET utf8 COLLATE utf8_general_ci NULL DEFAULT NULL COMMENT '供应商',
  `in_time` date NULL DEFAULT NULL COMMENT '入库时间',
  `in_account_time` date NULL DEFAULT NULL COMMENT '入账时间',
  `account_id` bigint(32) NULL DEFAULT NULL COMMENT '凭证号',
  `finance_id` bigint(32) NULL DEFAULT NULL COMMENT '财务编码',
  `assets_state` bigint(64) NULL DEFAULT NULL COMMENT '资产状态 0 可用 1领用 2报废 3移交中 4调拨中',
  `in_state` bigint(64) NULL DEFAULT 0 COMMENT '入库审核状态——0未入库，1已入库',
  `code` blob NULL COMMENT '条形码',
  `orderdetail_id` bigint(32) NOT NULL COMMENT '详表ID',
  `assets_name` varchar(64) CHARACTER SET utf8 COLLATE utf8_general_ci NOT NULL COMMENT '货物名称',
  `depository` varchar(64) CHARACTER SET utf8 COLLATE utf8_general_ci NULL DEFAULT NULL COMMENT '保管人',
  `life_factor` bigint(52) NULL DEFAULT NULL COMMENT '使用年限',
  `fix_year` bigint(32) NULL DEFAULT NULL COMMENT '保修年限',
  `user_name` varchar(64) CHARACTER SET utf8 COLLATE utf8_general_ci NULL DEFAULT NULL COMMENT '使用人',
  `quantity` bigint(255) NULL DEFAULT NULL COMMENT '数量',
  `unit_price` decimal(10, 2) NULL DEFAULT NULL COMMENT '单价',
  PRIMARY KEY (`card_id`) USING BTREE
) ENGINE = InnoDB AUTO_INCREMENT = 1302 CHARACTER SET = utf8 COLLATE = utf8_general_ci COMMENT = '资产表' ROW_FORMAT = Compact;

-- ----------------------------
-- Records of assets
-- ----------------------------
INSERT INTO `assets` VALUES (1291, '2661558094343757261', '福州', '水杯', '总公司', '福州', '福州', '2019-05-17', '2019-05-17', 1558096183014, 1558096170669, 2, 2, 0x6956424F5277304B47676F414141414E535568455567414141566B414141434D415141414141442B44656465414141414358424957584D414142374341414165776746753048552B41414141456E52465748525462325A30643246795A51424359584A6A6232526C4E4572796A6E59754141414344306C455156523432753354763473545152514838416B7030686D75733871417257427A6A554C49732F43345768414C5152442F412F454B6979577A5277726C464C6577457349746549324E7059324974304750625354543249704C4973544F44564D6B4333507A396533356178493430454B7232574A675A6A344C37333135493361327471386537423373485833594F726F396566626C356274724F7A636D4478362F75484E6C2B2F71726378664F3339796F7763506E487A654543446A6767414D4F4F4F43414177343434494144446A6A6767414D4F4F4F4341412F357647482F2B78582B504D78527146374A734671306C6C526A427568624D5568624E72423233642F6C652F7361434D684C32424263796F31677462515054736E57437A7767565278346D5374373072445359495538306461673858754C745967716A675846665352386A4A63744C6A62564F55364943466750776E6E474B6E754C6C464C7976446A387A66734A594D365A31764B2B71487A6A584E4662706538616276334158702B427057754E48714E776D3731494E70395A7837315931514670536F655A553479474D7577754E7777774F4C6872353250557658784B4D323455734659314A64744779786B7077704262577873724431736D4C45663939482B324A4A4E3370524768577872616463724A435A58732B72687964745877773566345330764577776E78756B484F395351566A2B2B52683439525478356737544850536F36456757777057674F597A43782F505044776A6A646372574B396937654D305264305662777A6E71546D2F56637A58512F6539356D514E4A7A4F51557A346D644C72336B43377972306B39534A477978334F59525637686B2B515358646450513869343337444E4F75654D5231527774413259736D57516B5861437837667034774944322B5442567955502F2B446E3842735571504849782F2F6B44583444394676484F74376D42333441414141415355564F524B35435949493D, 266, '乐扣水杯', NULL, NULL, 2, NULL, 1, 20.00);
INSERT INTO `assets` VALUES (1292, '2671558094343798021', '福州', '手机', '总公司', '福州', '福州', '2019-05-17', '2019-05-17', 1558096183100, 1558096170755, 3, 2, 0x6956424F5277304B47676F414141414E535568455567414141566B414141434D415141414141442B44656465414141414358424957584D414142374341414165776746753048552B41414141456E52465748525462325A30643246795A51424359584A6A6232526C4E4572796A6E59754141414347456C4551565234327533544D57735551525148384A4574726A79733747374178672B514E75525A654B515778454973784D5A61544C6E634F306952594F53327344317577445270744C4D52345336597349316B476C74786369657333633078786433435A4A39764C31777953526F74744A717439753338646E6265343739697137333563502F316839336A622B336A352B4E33767A3465506470364D74377476582F35595050787037753976547674702B3339673732443737654669446A6969434F4F4F4F4B4949343434346F676A6A6A6A6969434F4F4F4F4B49492F35766D503738367634394870464A425571626D4D59434C4232537278726B4674496B46693265556B4C79456773597259743069593063515263582F685A4E624D4D6B797A4956507341413262424B70614F43386B7844432B7A5A6772374D4A2B54794C4A4F4431496559464A416E56574F746C51497758473454312B646C68656F714C692F774149632F4762396C724E58304A68376743756361546C42395A627932784555325148554475334D385554562B513257317870565352623578485738386F7A6B7043775A6E554F4D2B75656F566152717159747842786631633471707A48336762327A545349707941584B6547647A774379484C4432355968397055457A51393271446E6D7531597270615230766C6C68766E5045783341684C6975514E5A357766786E6F626A2B6C32637852587147357031716F696841372F70546942397968796B4566396756344B38683573692B6768307148754168777751663666494670577665725171775A7777727A456E696573794E5838684A6F414167784C7938786E7A6D376A71574744517778554B742B65353550737A70494B66717A47626C35587449505751654A5169786B74344D2B71656338346B774B386878525A78754F4F4B4231524E4D6B784478366E33447730584C347431666864325449344B6D2F67762F4A502F6762474C49697A47732F52487341414141415355564F524B35435949493D, 267, '华为手机', 'admin', NULL, 2, 'admin', 1, 2000.00);
INSERT INTO `assets` VALUES (1293, '2671558094343804622', '福州', '手机', '总公司', '福州', '福州', '2019-05-17', '2019-05-17', 1558096183100, 1558096170755, 4, 2, 0x6956424F5277304B47676F414141414E535568455567414141566B414141434D415141414141442B44656465414141414358424957584D414142374341414165776746753048552B41414141456E52465748525462325A30643246795A51424359584A6A6232526C4E4572796A6E59754141414349306C4551565234327533544D5976555142514838427862624F64695962767A4457797558664B75384E6A3651437A4551767745696C65476D345572504534786865327944397A6D47753045693450625134383063744E634B34534E4D48596D544C454A7A4F583573694758484E746F6F64576B53756239777278352B636662337833767A59382F486C3163375634385737372F2B656E72772F334879364F334831343847442B36662F7A35395A4F393862333579667A6B2B3133506339686868783132324747484858625959596364647468686878313232474748486635766D5037386D767739586C416365464B6B766269665130726E5A4D732B6D5678596B557543575062736F4D55654C455A65734D6178574D4245356E614C6B725366446D4A525672573031324B41384B774D6843464E55616867434F6C31546C395753524A7074424365576D4D3650534F514A617977556F67414D5438656B74466171527941536C6E637873554E6E736D7A48347A6631626A597744505A34456A42706352766A4C664A4A4271313865556D4E6A564F734D4A76714369335357634B64624B422F616530496B783553686C556545716D66456B71523953616135593642797750646B417A356B6D6C456935426A4B68764455385A5543742F4277726538676262556F41697046633057504C6463426851727A42326B4131516F792F416B47707855594B6F634D4C6E4330464E7067466C6D6146495236694644344A33626245704A53497638416B78416E552B3963436D48686D566F506275534651454C645964724C6D6830776162476D4D7057367759513450354E62447241544257696E797532553771754C7A473348505978564746415762316D4A7367305A412F4B713669583245567045446136347A4D4B7171435244416331574E7549696F6D42394C32716A6B764F4B49655759366F536673784C78424D41752F35566866484A574D4F766B77352F49644E2B504D362F5059572F69662F34472B46537A5769756E314E637741414141424A52553545726B4A6767673D3D, 267, '华为手机', '张雷', NULL, 2, NULL, 1, 2000.00);
INSERT INTO `assets` VALUES (1294, '2681558095745030861', '北京', '手表', '分公司B', '', '', '2019-05-17', '2019-05-17', 1558103800680, 1558103788335, 4, 2, 0x6956424F5277304B47676F414141414E535568455567414141566B414141434D415141414141442B44656465414141414358424957584D414142374341414165776746753048552B41414141456E52465748525462325A30643246795A51424359584A6A6232526C4E4572796A6E59754141414237306C4551565234327533544D596A555142514734495172746847433158564773626A57386F5168552B68694C5968595847577A7263746434554C49424153464539316157486267624552723463714964365A5A4D6F337451524268726A504C4E416B4F3833794A46743663676F5661765253766D506B4362393738452B794E6239312B75662F3034506A6A2B506A2B703450547430643339753464766A35394E723235632F64772F2B71626E66486D474D47726B347442514A677759634B4543524D6D544A677759634B4543524D6D544A677759634C2F44634F66662F6B2F783431345A32507277696171596454792F454549504C427841342B77434830574633485152674D75736F306D527577347268513837497548315A4A4E793961436875647371685748727A595236314A64326C365838376738693257563765713678354A314A574B4432476935544C48496B59397836326A4131363353484853584347316734586131644676654E465A67394D6F2B2B6377486641572B724A4D62507A423345782B2F37355331473356637A5241486F457753496D5A75707136426430425935446936467475744F36732B4A454A716C6D72547069364E4C2F7654414D5A77644F68304D62503673654349336353307A44324D49682B37464B646841552B4950646462774B584356722F334845735057347462412B5976624473427A756344586D48685075352B786E67677A76506F7439674D754F2B35783556416641465835432B78646C6D504F3658346F6C4E566C676C673175683568534F52506C614F47573174703558456B4D775478456D4B3256687534782F2B4E50496F624562573959464C38475A794A364150584D31787552446E4D416258396C484750474F34657A7845475574393767622F2F7250364269683756637371774947674141414141456C46546B5375516D4343, 268, '1', '陈琪', 2, 10, NULL, 1, 3000.00);
INSERT INTO `assets` VALUES (1295, '2691558095746174341', '北京', '手电筒', '分公司B', '', '', '2019-05-17', '2019-05-17', 1558103800681, 1558103788336, 0, 2, 0x6956424F5277304B47676F414141414E535568455567414141566B414141434D415141414141442B44656465414141414358424957584D414142374341414165776746753048552B41414141456E52465748525462325A30643246795A51424359584A6A6232526C4E4572796A6E5975414141422B456C4551565234327533544D57675551525147344431537042475759437375596845724736764173464D643167455243797374727331686D6F4E6A5A69476771476A71514D6A417052454C4F3047734C6C7A69496F5364526B76786B684E664F69394F73344F50656336756947545877695A574D2F56582F4F2F4E2F364C3137733356335365376F344D5033594E3778364F54312F753331752B3865586E79724E2B3964507636364F33567536744C48313964652F72693031495542527877774145484848444141516363634D41424278787777414548484844414166383354502F2B736E504863376D484362724F504A375359736D7A7451377850564A5A624A4537435766784F496E4B754D5A6A735442505048593871764470504D596D316A7673415A5249514D395A487A536E483567796D64446E49354F584D6A2B4C565348757737544369746E6359344F704743616B6A67424B75646A454573782B6A5664514179657771537756386663453338567959787548424F5951483333684E6235433330345A575558794D6347783644587842417A69776A517042683548704132626B484A79692F5458356F43306E63454D53783933616C472F533655436C704643576E464A30634B4D6D516C36422B4D42776B504A5057612F634E7A4362696A574C694C354358336D36544A78705A6D5143743241594B654A45643377526F333546705939346E79544F616B7344736863626D4B4C5470726632432B51382B78436A534E706F7153426A6364515A36357749662F6758687544457A325072645A38322B704343456D707A327A497A6B7972534E71785759356F515376577A7A66544376747465477967686250594677356456626A552F307A6D4A50464F6A6376344C33696A354668563266665A6C377643477A5847704958503461782B41676F414F32616F584878454141414141456C46546B5375516D4343, 269, '电筒', '陈琪', 2, 10, NULL, 1, 3010.00);
INSERT INTO `assets` VALUES (1296, '2691558095746224402', '北京', '手电筒', '分公司B', '', '', '2019-05-17', '2019-05-17', 1558103800681, 1558103788336, 0, 2, 0x6956424F5277304B47676F414141414E535568455567414141566B414141434D415141414141442B44656465414141414358424957584D414142374341414165776746753048552B41414141456E52465748525462325A30643246795A51424359584A6A6232526C4E4572796A6E59754141414341456C45515652343275335473577355515251473844327553434D635969737332766748574157476E6571774441636946696C456932747A6D4D4B44593259686F436934567765434133654E574E674A6C6975583542444354574D72724A3477366277777A51342B35766C32305749336A5532735A737150482B78374D3939472B2F3137672F6D722B657A6B532F2F6B3866665A2B59666A2B2F735050373437667A3371333379517A624C35376D4233385037322F4F335836314555634D414242787877774145484848444141516363634D414242787877774145482F4E38772F76744A72787876354365497758633276514B3353703775645A42547370454F4E53564E6E4D6452326174784C7271626D4C446E305759726A7939776D6B383654617A66734B656D42445359735A485248483942516F6C57333743584D646645616957656D4B4C4369726B6C5951754A4746716C4361747461474E703748474E743045626A73596C6C436A3932652F77777862474D7A5432444637383444572B68543876474B4A462F524A32754C714546385943644974344E5359636F625A7355654644304A667855577257554E4B3468514E396D6B686C57466F5035516933466B544737414C496D58774D35726E6B68426C71354457325465776E59753847494731494D7864336B43764E684652656A43316830385141666E4B33787252374F55544F7038784C446A426545395A4E374D424C2B786654724A796E3137795144714A485861355545317643707036357769745A34776E464E655A4E624C7759456E5A6138794F6E56304A49544D5359506B4646556F6C7364634F7A39524C415552765961446C4E4B737A6F6D69756373565A4630783456446E7856754952654A7655536561666F706A33432B624F6F6A51394B446C57567162315537676F662F4D464647563335622F556262336C7A56704C6450695541414141415355564F524B35435949493D, 269, '电筒', '陈琪', 2, 10, NULL, 1, 3010.00);
INSERT INTO `assets` VALUES (1297, '2701558096395805161', '北京', '手表', '分公司B', '', '', '2019-05-17', '2019-05-17', 1558096607203, 1558096594858, 0, 2, 0x6956424F5277304B47676F414141414E535568455567414141566B414141434D415141414141442B44656465414141414358424957584D414142374341414165776746753048552B41414141456E52465748525462325A30643246795A51424359584A6A6232526C4E4572796A6E5975414141422B6B6C4551565234327533544D576755515251473444315362434D7367704A47643856434F314853474467634951524C4359694632476868366D434B4F3169636734424B49746C614F5049674E6D6C4D4A3169756B4C6A4E63645059436F744B786E4B5061585A776D4F656278634A4D46437A5561715A34315466773572312F6F76586C577976377A2F6376486E3559506E7A34616666726D344D37362F65753732322F506E2F6D2F7430726D322B3335732F4F72377A61334E72376544714B4167343434494144446A6A6767414D4F4F4F43414177343434494144446A6A6767503862786A382F6F332B4F6D7A7A4B4D324E3754564A6A334C4C615A6732506A437349445A664863586B75476951644C702F4D4E646C6F454E637361684D714343587A73414137713171444572663761314B6B69352F464470395656636F784B374C714F415A686C4B77646872367542467451785135586B6D365944434432735A62716F4D4F4C526B69474371614571625141397249334466464E716F6C35396F5535664D5164586E4A3453514F7A717A355755686B7A5632665449654548534B366E42525745712B67394545455362716E64576876782F695A503445564F375535796841762B4E4A41355445365751794F66706A7757702B776767596E6C6B506A59636F6552586B673931356359552B56742B316943494A79426877324B483569394E4F306A7A6E516A374B72714D504F782F686E6A4557483850565964646A3037504F554C4773634F5433364661526C4B4771324659474E58726D6B5947366E45324343416A77584372444A47537748397461704968367049637957726C455A582B4E4D594A644253366C7A676274426D5269597557612B68364E4653536E34536D38783055636134346538733558724435586B446F54367877622F2F7262344445446470485A394876444D41414141415355564F524B35435949493D, 270, '1', '陈琪', 2, 10, NULL, 1, 3000.00);
INSERT INTO `assets` VALUES (1298, '2711558096396835291', '北京', '手电筒', '分公司B', '', '', '2019-05-17', '2019-05-17', 1558096607246, 1558096594901, 0, 2, 0x6956424F5277304B47676F414141414E535568455567414141566B414141434D415141414141442B44656465414141414358424957584D414142374341414165776746753048552B41414141456E52465748525462325A30643246795A51424359584A6A6232526C4E4572796A6E5975414141422F306C455156523432753354503267555152514738443275324559344C494A4E334330453751524A5932444A43424C5332415445776934575868314D34634678737842514D5A4B726862414473546B51376577334A504761356161784664592F5A43775870746E42595A35766A676A655947455471376646464D755032652F4E6642767472473973766E2B784E7A6E3974483736364F76686A77386E39336365337037737637753674507A6735737472623638736257792B4F647962664C34635259514A45795A4D6D444268776F514A45795A4D6D444268776F514A45796238337A44382B354E664F47364745526657645A70654458484C617063322F4D696D4455513272554574346E4C354E7935483353624E6E385931693970657961496D4C6E6D417058435174686233324D2B326C55785776386B693235374B6847736C3248515243326E786578364C7A45776C5739486A59765245695949726E624934784B59564A334F38617156696F4D554D4E7757505758456A4F41333530346A4B50762F4F5044376A694376772B433467376F6459673743325736657A41654974554B49364E684C574F6F68464D434467433246626A4673624B7A2F65345433784B7264704F787943596D6D496D63666F56446D77366C6E4359336B7061337474357267735175793478344154597562364F6D4F367649656E41634A786B5963784C4D687A7A463762396A466E70716C6358344E306E48304A73666B5477786C694F4D636A44694857632B777A657A7A6A4B77594F4549764B4465667A4C47424D353747526B683334355A5952786169767835553177454973353967614A5156575970774D39446A4A744A4C4655454D5334727A6E73664F4657384F6279573163736B364431657655335A7A2F46632B72444446573257477664374850664C6675486F5639766F44663668634E2F57524850634344647741414141424A52553545726B4A6767673D3D, 271, '电筒', '陈琪', 2, 10, NULL, 1, 3010.00);
INSERT INTO `assets` VALUES (1299, '2711558096396882372', '北京', '手电筒', '分公司B', '', '', '2019-05-17', '2019-05-17', 1558096607246, 1558096594901, 0, 2, 0x6956424F5277304B47676F414141414E535568455567414141566B414141434D415141414141442B44656465414141414358424957584D414142374341414165776746753048552B41414141456E52465748525462325A30643246795A51424359584A6A6232526C4E4572796A6E5975414141422F6B6C45515652343275335450576755515251483844315362434D734B657A4F3363347949476B38574449324959314E51437A73744442314D45554F6A7075466741596A75566F34626B43626130786E5A3748427847754F6D305A4C59544753735679595A6763663833797A4B726837466A61786D69326D32522F4D2B2F6850734C653574583179654451392F3768352F756A4C713239767A2B3774506267395058357A343372332F74727A74614F74376456504A346576703539586738426A6A7A333232474F5050666259593438393974686A6A7A333232474F50506662347632483839792B37636C774F416937416473716F774C42696855314B666770304841414C6B72434A382B35766E413958796954624477735756464778455A5252304F3030735251576B77705134584736713254637535435464486332697764366875394D4577734A6B42514F6939544D4A4676586F386E77695A4A6A75364F77423231734B6E4657347835497856434C4264634F633258374C597A797578467A655061564F587A4A43632B52734841596C374247416242534A49732B3459656F785079396F5373736C37434542525541465A5662474A416637764249764D6A63364D416D426C734E496E4F596E4D72376F4A3747504A545855686F644D7A5979714A755953694E4D39796D7175626A4A6D4D3776756D6B496A6370513277304D4B48396839684B717835795A636D3533744A414B74615A2F44577A2B7848684A474839693662426F596C316A56375044433735756346786A6F51697A4A71614B48545A537372453762686B784754724D4C725379764A574E476F4F686C6967536F3769765233464B53356E514768573049707046446C73587541336154415A687A6A706C534748636A3151562F413358556361516F6D7770317765306C454577534A6277465479724832634976436A35733438754141414141456C46546B5375516D4343, 271, '电筒', '陈琪', 2, 10, NULL, 1, 3010.00);
INSERT INTO `assets` VALUES (1300, '2721558098795464591', '', '鼠标', '总公司', '', '', '2019-05-17', '2019-05-17', 1558098819403, 1558098807058, 3, 2, 0x6956424F5277304B47676F414141414E535568455567414141566B414141434D415141414141442B44656465414141414358424957584D414142374341414165776746753048552B41414141456E52465748525462325A30643246795A51424359584A6A6232526C4E4572796A6E59754141414347556C4551565234327533544D5973545152514838416B7270424657516446434D37312B685A4258485A5A7949474A786C5A2F68436F757745306B525258517446535144756559714F3046454A4163653239317262495677572B78314E32474C374F4A6B6E6D39794A396C774346706F4E6273737938435074322F652F4666736274336266763973622F2F7732396268342B504A79596576443359666662707A38764C32745A324848796576377535733337692B4E336D782F2F3271454145484848444141516363634D414242787877774145484848444141516363634D442F44644F6658344F2F78314D536E545A4A45383361465267366F414D726B746845684A556B4544416B75635943784D32575865475A6E4D4A414353763645655055784936787341304D514739724B3073714B4573524F723275636B2F6D4A5647636E316F41312B30334D476B435339706A524B32686C79686231795735474B6C696E436A647845367438566839535652644C686E6652367142362F77475A7768486174786A62457579714B6E304744617770584F63613862364670556556347A7A43786957564A4D324D464E7A385067354C5570726F4D593355454330695A3271715751637A36525263415279534D57384D6E474A7232506B7753564E624D6C336F476C4538624545374D6772664279475267574F55454F56644A7659313058474F6538764252794D2B7772744A6370356C556C773047726973377261763355476550444F67586158715A7847756841787762434A4337376848426541394E6E76614C6E4747334E475171642B5961327036774F77366B33374B75436157424E614F75733558574731776A6D664A324F33695947775A727A49546C4D66704837432B6B652B7941697A6C48685A55514D4C71537468497A2F6E4B5564554F4F46553154597834637A6E326256736441467A384A586838412F704B57644656767842666A6A363753622B4A2F2F675479484D79496631667734734141414141456C46546B5375516D4343, 272, '联想鼠标', 'admin', NULL, NULL, 'admin', 1, 20.00);
INSERT INTO `assets` VALUES (1301, '2731558099074863681', '', '水杯', '总公司', '', '', '2019-05-17', '2019-05-17', 1558099097393, 1558099085048, 1, 2, 0x6956424F5277304B47676F414141414E535568455567414141566B414141434D415141414141442B44656465414141414358424957584D414142374341414165776746753048552B41414141456E52465748525462325A30643246795A51424359584A6A6232526C4E4572796A6E597541414143466B6C4551565234327533544D576755515251473446327575484A4E595866636C494B6976584C63737A6C5443315A5759704E61754F626732466D353471494231394C697A4541714B7A7337535335676D43375461436B73743857497A653278685873776D656562784A674A4347716831657757437A4D667A50777A2F30624477656239743976625834382B446F34654C2F612B7650767759506A777A7658467A654867796231627A312F63325069306558566E622B664E3534306F436A6A6767414D4F4F4F43414177343434494144446A6A6767414D4F4F4F4341412F357647502F38796634657A7A48717470465672614C64514957484F4D4670453645327247467A4C506768736773635164534A7A536B753242777948746D59734B79534B736C67447048784D41432B626779725561504D46585437765853454271656C4C4A63484C4E2F766A54324D4173476763466770496143666A673275736132316F6A6D774B52632B74767743372F4C33534C6A4761372F44557345786E2B4674793275375657704375397A324C324F3336696B7578546E575A6D756C435055356474444863454B7269676F4B766F4A7A764453364561396F44342F776D593874707A53456B344A56484936686B784A576139334179365377643248695935656D52514E545442594D564C6662497978717655716D716B675A585048786D76434B426B724B6C34504B524F78777162584D70653144642B7748644D6E6F4E4E785853464348596B4959696C695651744E707A4378345748745967384944484A33682B67796A6A785739503747673637526A597A6E7158324C7841394F6563782F4C576D6D3677526E334D6141366F59446635444A335252716E6A5230355845715A373774652B51456A4A6B787357753663353152524B71694E44555570614343444C49314D36784B3262644F6934764F4B796A2B6847356F36334C414771507A34314D662F35422F38446943646B716B74475A43694141414141456C46546B5375516D4343, 273, '保温杯', 'common', NULL, NULL, 'common', 1, 50.00);

-- ----------------------------
-- Table structure for dictionary
-- ----------------------------
DROP TABLE IF EXISTS `dictionary`;
CREATE TABLE `dictionary`  (
  `id` bigint(64) NOT NULL AUTO_INCREMENT COMMENT '类别ID',
  `kind` varchar(255) CHARACTER SET utf8 COLLATE utf8_general_ci NOT NULL DEFAULT '' COMMENT '类别',
  `quantity_state` int(255) NOT NULL COMMENT '1——数量为1,2——数量可为多',
  PRIMARY KEY (`id`) USING BTREE
) ENGINE = InnoDB AUTO_INCREMENT = 24 CHARACTER SET = utf8 COLLATE = utf8_general_ci COMMENT = '数据字典表' ROW_FORMAT = Dynamic;

-- ----------------------------
-- Records of dictionary
-- ----------------------------
INSERT INTO `dictionary` VALUES (1, '手机', 1);
INSERT INTO `dictionary` VALUES (2, '手电筒', 1);
INSERT INTO `dictionary` VALUES (3, '手表', 1);
INSERT INTO `dictionary` VALUES (4, '鼠标', 1);
INSERT INTO `dictionary` VALUES (7, '钉子', 2);
INSERT INTO `dictionary` VALUES (22, '台式电脑', 1);
INSERT INTO `dictionary` VALUES (23, '水杯', 1);

-- ----------------------------
-- Table structure for purchase_detail
-- ----------------------------
DROP TABLE IF EXISTS `purchase_detail`;
CREATE TABLE `purchase_detail`  (
  `id` bigint(32) NOT NULL AUTO_INCREMENT COMMENT '采购详表主键id',
  `master_id` bigint(32) NOT NULL COMMENT '采购主表id',
  `unit_price` decimal(10, 2) UNSIGNED NOT NULL COMMENT '单价',
  `kind` varchar(200) CHARACTER SET utf8 COLLATE utf8_general_ci NOT NULL COMMENT '类别',
  `kind_id` bigint(64) NOT NULL COMMENT '类别对应数据字典ID',
  `name` varchar(255) CHARACTER SET utf8 COLLATE utf8_general_ci NOT NULL DEFAULT '' COMMENT '名称',
  `quantity` int(10) NOT NULL COMMENT '数量',
  PRIMARY KEY (`id`) USING BTREE,
  INDEX `detail_master`(`master_id`) USING BTREE,
  CONSTRAINT `detail_master` FOREIGN KEY (`master_id`) REFERENCES `purchase_master` (`id`) ON DELETE RESTRICT ON UPDATE RESTRICT
) ENGINE = InnoDB AUTO_INCREMENT = 274 CHARACTER SET = utf8 COLLATE = utf8_general_ci COMMENT = '采购详表' ROW_FORMAT = Dynamic;

-- ----------------------------
-- Records of purchase_detail
-- ----------------------------
INSERT INTO `purchase_detail` VALUES (266, 121, 20.00, '水杯', 23, '乐扣水杯', 1);
INSERT INTO `purchase_detail` VALUES (267, 121, 2000.00, '手机', 1, '华为手机', 2);
INSERT INTO `purchase_detail` VALUES (268, 122, 3000.00, '手表', 3, '1', 1);
INSERT INTO `purchase_detail` VALUES (269, 122, 3010.00, '手电筒', 2, '电筒', 2);
INSERT INTO `purchase_detail` VALUES (270, 123, 3000.00, '手表', 3, '1', 1);
INSERT INTO `purchase_detail` VALUES (271, 123, 3010.00, '手电筒', 2, '电筒', 2);
INSERT INTO `purchase_detail` VALUES (272, 124, 20.00, '鼠标', 4, '联想鼠标', 1);
INSERT INTO `purchase_detail` VALUES (273, 125, 50.00, '水杯', 23, '保温杯', 1);

-- ----------------------------
-- Table structure for purchase_master
-- ----------------------------
DROP TABLE IF EXISTS `purchase_master`;
CREATE TABLE `purchase_master`  (
  `id` bigint(32) NOT NULL AUTO_INCREMENT COMMENT '采购主表主键id',
  `order_no` varchar(255) CHARACTER SET utf8 COLLATE utf8_general_ci NOT NULL COMMENT '采购单号',
  `order_time` date NOT NULL COMMENT '采购时间',
  `total_price` decimal(10, 2) UNSIGNED NULL DEFAULT NULL COMMENT '总价',
  `operator` varchar(100) CHARACTER SET utf8 COLLATE utf8_general_ci NULL DEFAULT '' COMMENT '操作员',
  `state` int(10) NULL DEFAULT NULL COMMENT '当前状态，0表示未入库，1表示已入库,2表示已入账',
  `remark` varchar(255) CHARACTER SET utf8 COLLATE utf8_general_ci NULL DEFAULT NULL COMMENT '备注',
  `entry_time` date NULL DEFAULT NULL COMMENT '入账时间',
  `exist_state` int(10) NULL DEFAULT NULL COMMENT '表示是否被删除，0——删除，1或者空——存在',
  `in_time` date NULL DEFAULT NULL COMMENT '入库时间',
  `entry_operator` varchar(255) CHARACTER SET utf8 COLLATE utf8_general_ci NULL DEFAULT NULL COMMENT '入账操作员',
  `in_operator` varchar(255) CHARACTER SET utf8 COLLATE utf8_general_ci NULL DEFAULT NULL COMMENT '入库操作员',
  `department_id` bigint(255) NULL DEFAULT NULL COMMENT '部门id',
  `operator_id` bigint(255) NULL DEFAULT NULL COMMENT '操作员id',
  `in_operator_id` bigint(255) NULL DEFAULT NULL COMMENT '入库操作员id',
  `entry_operator_id` bigint(255) NULL DEFAULT NULL COMMENT '入账操作员id',
  PRIMARY KEY (`id`) USING BTREE
) ENGINE = InnoDB AUTO_INCREMENT = 126 CHARACTER SET = utf8 COLLATE = utf8_general_ci COMMENT = '采购主表' ROW_FORMAT = Dynamic;

-- ----------------------------
-- Records of purchase_master
-- ----------------------------
INSERT INTO `purchase_master` VALUES (121, '941558094343712', '2019-05-17', 4020.00, NULL, 2, '', '2019-05-17', 0, '2019-05-17', NULL, NULL, 1, 1, 1, 1);
INSERT INTO `purchase_master` VALUES (122, '561558095743854', '2019-05-17', 9020.00, NULL, 2, NULL, '2019-05-17', 0, '2019-05-17', NULL, NULL, 3, 7, 1, 1);
INSERT INTO `purchase_master` VALUES (123, '941558096394819', '2019-05-17', 9020.00, NULL, 2, NULL, '2019-05-17', 0, '2019-05-17', NULL, NULL, 3, 7, 1, 1);
INSERT INTO `purchase_master` VALUES (124, '031558098795421', '2019-05-17', 20.00, NULL, 2, '', '2019-05-17', 0, '2019-05-17', NULL, NULL, 1, 1, 1, 1);
INSERT INTO `purchase_master` VALUES (125, '931558099074785', '2019-05-17', 50.00, NULL, 2, '', '2019-05-17', NULL, '2019-05-17', NULL, NULL, 1, 1, 1, 1);

-- ----------------------------
-- Table structure for receive_master
-- ----------------------------
DROP TABLE IF EXISTS `receive_master`;
CREATE TABLE `receive_master`  (
  `purpose` varchar(64) CHARACTER SET utf8 COLLATE utf8_general_ci NULL DEFAULT NULL COMMENT '用途',
  `receive_time` date NULL DEFAULT NULL COMMENT '领用时间',
  `note` varchar(64) CHARACTER SET utf8 COLLATE utf8_general_ci NULL DEFAULT NULL COMMENT '备注',
  `get_state` int(3) NULL DEFAULT NULL COMMENT '领用状态',
  `department` varchar(32) CHARACTER SET utf8 COLLATE utf8_general_ci NULL DEFAULT NULL COMMENT '部门',
  `receive_id` bigint(20) NOT NULL COMMENT '领用ID',
  `user_id` bigint(32) NULL DEFAULT NULL COMMENT '领用人ID',
  PRIMARY KEY (`receive_id`) USING BTREE
) ENGINE = InnoDB CHARACTER SET = utf8 COLLATE = utf8_general_ci COMMENT = '资产领用表' ROW_FORMAT = Dynamic;

-- ----------------------------
-- Records of receive_master
-- ----------------------------
INSERT INTO `receive_master` VALUES ('礼品', '2019-05-17', '送客户当礼品', 0, '总公司', 1558098040002, 1);
INSERT INTO `receive_master` VALUES ('奖品', '2019-05-17', '抽奖用', 0, '总公司', 1558104466208, 1);
INSERT INTO `receive_master` VALUES ('礼品', '2019-05-18', '礼品', 1, '总公司', 1558145767798, 2);

-- ----------------------------
-- Table structure for record_receive
-- ----------------------------
DROP TABLE IF EXISTS `record_receive`;
CREATE TABLE `record_receive`  (
  `assets_id` varchar(64) CHARACTER SET utf8 COLLATE utf8_general_ci NULL DEFAULT NULL COMMENT '资产编码',
  `receive_id` bigint(32) NULL DEFAULT NULL COMMENT '领用编号',
  `id` int(11) NOT NULL AUTO_INCREMENT,
  PRIMARY KEY (`id`) USING BTREE,
  INDEX `FK4ijdlyo9wbw48voygq1e95wk`(`receive_id`) USING BTREE,
  CONSTRAINT `FK4ijdlyo9wbw48voygq1e95wk` FOREIGN KEY (`receive_id`) REFERENCES `receive_master` (`receive_id`) ON DELETE RESTRICT ON UPDATE RESTRICT
) ENGINE = InnoDB AUTO_INCREMENT = 12 CHARACTER SET = utf8 COLLATE = utf8_general_ci COMMENT = '资产领用记录表' ROW_FORMAT = Compact;

-- ----------------------------
-- Records of record_receive
-- ----------------------------
INSERT INTO `record_receive` VALUES ('2671558094343798021', 1558098040002, 8);
INSERT INTO `record_receive` VALUES ('2671558094343804622', 1558098040002, 9);
INSERT INTO `record_receive` VALUES ('2721558098795464591', 1558104466208, 10);
INSERT INTO `record_receive` VALUES ('2731558099074863681', 1558145767798, 11);

-- ----------------------------
-- Table structure for record_return
-- ----------------------------
DROP TABLE IF EXISTS `record_return`;
CREATE TABLE `record_return`  (
  `return_name` varchar(32) CHARACTER SET utf8 COLLATE utf8_general_ci NULL DEFAULT NULL COMMENT '用户ID',
  `return_time` date NULL DEFAULT NULL COMMENT '归还时间',
  `return_id` bigint(32) NOT NULL AUTO_INCREMENT COMMENT '归还编号',
  `receive_id` bigint(32) NULL DEFAULT NULL COMMENT '领用ID',
  PRIMARY KEY (`return_id`) USING BTREE,
  INDEX `FKrt8om1x8bks8ferg5wq09hh22`(`receive_id`) USING BTREE,
  CONSTRAINT `FKrt8om1x8bks8ferg5wq09hh22` FOREIGN KEY (`receive_id`) REFERENCES `receive_master` (`receive_id`) ON DELETE RESTRICT ON UPDATE RESTRICT
) ENGINE = InnoDB AUTO_INCREMENT = 1558145809153 CHARACTER SET = utf8 COLLATE = utf8_general_ci COMMENT = '资产归还记录表' ROW_FORMAT = Compact;

-- ----------------------------
-- Records of record_return
-- ----------------------------
INSERT INTO `record_return` VALUES ('admin', '2019-05-17', 1558098566817, 1558098040002);
INSERT INTO `record_return` VALUES ('admin', '2019-05-18', 1558145809152, 1558104466208);

-- ----------------------------
-- Table structure for record_scrap
-- ----------------------------
DROP TABLE IF EXISTS `record_scrap`;
CREATE TABLE `record_scrap`  (
  `assets_id` varchar(64) CHARACTER SET utf8 COLLATE utf8_general_ci NULL DEFAULT NULL COMMENT ' 资产编码',
  `scrap_time` date NULL DEFAULT NULL COMMENT '时间',
  `note` varchar(64) CHARACTER SET utf8 COLLATE utf8_general_ci NULL DEFAULT NULL COMMENT '备注',
  `notifier` varchar(64) CHARACTER SET utf8 COLLATE utf8_general_ci NULL DEFAULT NULL COMMENT '申报人',
  `scrap_id` varchar(64) CHARACTER SET utf8 COLLATE utf8_general_ci NOT NULL COMMENT '报废编号',
  `department` varchar(32) CHARACTER SET utf8 COLLATE utf8_general_ci NULL DEFAULT NULL COMMENT '公司',
  `recorder` varchar(255) CHARACTER SET utf8 COLLATE utf8_general_ci NULL DEFAULT NULL COMMENT '记录员ID',
  PRIMARY KEY (`scrap_id`) USING BTREE
) ENGINE = InnoDB CHARACTER SET = utf8 COLLATE = utf8_general_ci COMMENT = '资产报废记录表' ROW_FORMAT = Compact;

-- ----------------------------
-- Records of record_scrap
-- ----------------------------
INSERT INTO `record_scrap` VALUES ('2661558094343757261', '2019-05-17', '坏了', 'admin', '1558098241528', '总公司', NULL);

-- ----------------------------
-- Table structure for sys_acl_module
-- ----------------------------
DROP TABLE IF EXISTS `sys_acl_module`;
CREATE TABLE `sys_acl_module`  (
  `id` bigint(32) NOT NULL AUTO_INCREMENT COMMENT '权限模块id',
  `code` varchar(32) CHARACTER SET utf8 COLLATE utf8_general_ci NULL DEFAULT NULL COMMENT '权限模块code',
  `name` varchar(32) CHARACTER SET utf8 COLLATE utf8_general_ci NOT NULL DEFAULT '' COMMENT '权限模块名称',
  `parent_id` bigint(32) NOT NULL DEFAULT 0 COMMENT '上级权限模块id',
  `level` varchar(200) CHARACTER SET utf8 COLLATE utf8_general_ci NOT NULL DEFAULT '' COMMENT '权限模块层级',
  `type` int(4) UNSIGNED NOT NULL DEFAULT 0 COMMENT '0后台1学院端',
  `seq` int(11) UNSIGNED NOT NULL DEFAULT 0 COMMENT '权限模块在当前层级下的顺序，由小到大',
  `status` int(4) UNSIGNED NOT NULL DEFAULT 1 COMMENT '状态，1：正常，0：冻结',
  `remark` varchar(200) CHARACTER SET utf8 COLLATE utf8_general_ci NULL DEFAULT '' COMMENT '备注',
  `route_name` varchar(100) CHARACTER SET utf8 COLLATE utf8_general_ci NULL DEFAULT '' COMMENT '前端路由name',
  `icon` varchar(50) CHARACTER SET utf8 COLLATE utf8_general_ci NULL DEFAULT '' COMMENT '前端icon',
  `component_path` varchar(255) CHARACTER SET utf8 COLLATE utf8_general_ci NULL DEFAULT '' COMMENT '前端模块路径',
  `cache` tinyint(255) NULL DEFAULT NULL COMMENT '前端菜单项中cache',
  `path` varchar(255) CHARACTER SET utf8 COLLATE utf8_general_ci NULL DEFAULT '' COMMENT '前端权限所需路径',
  `component` varchar(255) CHARACTER SET utf8 COLLATE utf8_general_ci NULL DEFAULT '' COMMENT '前端需要',
  PRIMARY KEY (`id`) USING BTREE
) ENGINE = InnoDB AUTO_INCREMENT = 17 CHARACTER SET = utf8 COLLATE = utf8_general_ci COMMENT = '权限模块表' ROW_FORMAT = Compact;

-- ----------------------------
-- Records of sys_acl_module
-- ----------------------------
INSERT INTO `sys_acl_module` VALUES (1, '', '采购管理', 0, '0', 0, 1, 1, '', 'Procurement', 'shopping-cart', 'pages/procurement/index', 1, '/procurement', 'procurement');
INSERT INTO `sys_acl_module` VALUES (2, '', '入库管理', 0, '0', 0, 2, 1, '', 'StockIn', 'ambulance', 'layout/header-aside/layout', 1, '/stock-in', 'layoutHeaderAside');
INSERT INTO `sys_acl_module` VALUES (3, '', '财务管理', 0, '0', 0, 3, 1, '', 'Finance', 'cny', 'layout/header-aside/layout', 1, '/finance', 'layoutHeaderAside');
INSERT INTO `sys_acl_module` VALUES (4, ' ', '资产管理', 0, '0', 0, 4, 1, '', 'AssetManagement', 'inbox', 'layout/header-aside/layout', 1, '/asset-management', 'layoutHeaderAside');
INSERT INTO `sys_acl_module` VALUES (5, ' ', '系统管理', 0, '0', 0, 5, 1, '', 'Sys', 'cogs', 'layout/header-aside/layout', 1, '/sys', 'layoutHeaderAside');
INSERT INTO `sys_acl_module` VALUES (6, ' ', '财务-待入账', 3, '0.3', 0, 1, 1, '', 'FinanceWaiting', 'spinner', 'pages/finance/waiting/index', 1, '/finance/finance-waiting', 'finance-waiting');
INSERT INTO `sys_acl_module` VALUES (7, ' ', '财务-入账记录', 3, '0.3', 0, 2, 1, '', 'FinanceRecord', 'th-list', 'pages/finance/record/index', 1, '/finance/finance-record', 'finance-record');
INSERT INTO `sys_acl_module` VALUES (8, ' ', '资产列表', 4, '0.4', 0, 1, 1, '', 'AssetList', 'th-list', 'pages/asset-management/asset-list/index', 1, '/asset-management/asset-list', 'asset-list');
INSERT INTO `sys_acl_module` VALUES (9, ' ', '资产领用/归还', 4, '0.4', 0, 2, 1, '', 'AssetOperations', 'pencil', 'pages/asset-management/asset-operations/index', 1, '/asset-management/asset-operations', 'asset-operations');
INSERT INTO `sys_acl_module` VALUES (10, ' ', '资产调拨', 4, '0.4', 0, 4, 1, '', 'AssetAllocation', 'paper-plane', 'pages/asset-management/asset-allocation/index', 1, '/asset-management/asset-allocation', 'asset-allocation');
INSERT INTO `sys_acl_module` VALUES (11, ' ', '资产移交', 4, '0.4', 0, 5, 1, '', 'AssetTransfer', 'exchange', 'pages/asset-management/asset-transfer/index', 1, '/asset-management/asset-transfer', 'asset-transfer');
INSERT INTO `sys_acl_module` VALUES (12, ' ', '数据字典', 5, '0.5', 0, 1, 1, '', 'data-dictionary', 'book', 'pages/sys/data-dictionary/index', 1, '/sys/data-dictionary', 'data-dictionary');
INSERT INTO `sys_acl_module` VALUES (13, ' ', '人员管理', 5, '0.5', 0, 2, 1, '', 'authority-management', 'user', 'pages/sys/authority-management/index', 1, '/sys/authority-management', 'authority-management');
INSERT INTO `sys_acl_module` VALUES (14, ' ', '入库-待入库', 2, '0.2', 0, 1, 1, '', 'Waiting', 'spinner', 'pages/stock-in/waiting/index', 1, '/stock-in/waiting', 'waiting');
INSERT INTO `sys_acl_module` VALUES (15, ' ', '入库-入库记录', 2, '0.2', 0, 2, 1, '', 'Record', 'th-list', 'pages/stock-in/record/index', 1, '/stock-in/record', 'record');
INSERT INTO `sys_acl_module` VALUES (16, ' ', '资产报废', 4, '0.4', 0, 3, 1, '', 'AssetScrap', 'trash', 'pages/asset-management/asset-scrap/index', 1, '/asset-management/asset-scrap', 'asset-scrap');

-- ----------------------------
-- Table structure for sys_department
-- ----------------------------
DROP TABLE IF EXISTS `sys_department`;
CREATE TABLE `sys_department`  (
  `id` bigint(32) NOT NULL AUTO_INCREMENT COMMENT '部门id',
  `name` varchar(20) CHARACTER SET utf8 COLLATE utf8_general_ci NOT NULL DEFAULT '' COMMENT '部门名称',
  `parent_id` bigint(32) NOT NULL DEFAULT 0 COMMENT '上级部门id',
  `level` varchar(200) CHARACTER SET utf8 COLLATE utf8_general_ci NOT NULL DEFAULT '' COMMENT '部门层级',
  `seq` int(11) NOT NULL DEFAULT 0 COMMENT '部门在当前层级下的顺序，由小到大',
  `type` int(11) UNSIGNED NOT NULL DEFAULT 0 COMMENT '部门来源0系统1外来',
  `remark` varchar(200) CHARACTER SET utf8 COLLATE utf8_general_ci NULL DEFAULT '' COMMENT '备注',
  `create_time` datetime(0) NOT NULL DEFAULT CURRENT_TIMESTAMP COMMENT '创建时间',
  `update_time` datetime(0) NOT NULL DEFAULT CURRENT_TIMESTAMP ON UPDATE CURRENT_TIMESTAMP(0) COMMENT '修改时间',
  PRIMARY KEY (`id`) USING BTREE
) ENGINE = InnoDB AUTO_INCREMENT = 4 CHARACTER SET = utf8 COLLATE = utf8_general_ci COMMENT = '部门表' ROW_FORMAT = Compact;

-- ----------------------------
-- Records of sys_department
-- ----------------------------
INSERT INTO `sys_department` VALUES (1, '总公司', 0, '0', 1, 0, '', '2019-05-06 21:25:28', '2019-05-06 21:25:28');
INSERT INTO `sys_department` VALUES (2, '分公司A', 1, '0.1', 0, 0, '', '2019-05-06 21:25:51', '2019-05-07 23:03:55');
INSERT INTO `sys_department` VALUES (3, '分公司B', 1, '0.1', 1, 0, '', '2019-05-06 21:26:03', '2019-05-07 23:04:02');

-- ----------------------------
-- Table structure for sys_role_acl
-- ----------------------------
DROP TABLE IF EXISTS `sys_role_acl`;
CREATE TABLE `sys_role_acl`  (
  `id` bigint(20) UNSIGNED NOT NULL AUTO_INCREMENT,
  `role_name` varchar(255) CHARACTER SET utf8 COLLATE utf8_general_ci NULL DEFAULT NULL COMMENT '角色名称',
  `acl_code` varchar(3000) CHARACTER SET utf8 COLLATE utf8_general_ci NOT NULL DEFAULT '' COMMENT '权限code字符串使用英文逗号分隔',
  `description` varchar(255) CHARACTER SET utf8 COLLATE utf8_general_ci NULL DEFAULT '' COMMENT '描述',
  PRIMARY KEY (`id`) USING BTREE
) ENGINE = InnoDB AUTO_INCREMENT = 4 CHARACTER SET = utf8 COLLATE = utf8_general_ci COMMENT = '角色权限表' ROW_FORMAT = Compact;

-- ----------------------------
-- Records of sys_role_acl
-- ----------------------------
INSERT INTO `sys_role_acl` VALUES (1, 'admin', '1,2,3,4,5,6,7,8,9,10,11,12,13,14,15,16', '系统管理员');
INSERT INTO `sys_role_acl` VALUES (2, 'common', '1,2,4,8,9,11,14,15,16', '普通员工');
INSERT INTO `sys_role_acl` VALUES (3, 'financial', '3,6,7', '财务');

-- ----------------------------
-- Table structure for sys_user
-- ----------------------------
DROP TABLE IF EXISTS `sys_user`;
CREATE TABLE `sys_user`  (
  `id` bigint(11) NOT NULL AUTO_INCREMENT COMMENT '自增id',
  `account` varchar(255) CHARACTER SET utf8 COLLATE utf8_general_ci NULL DEFAULT '' COMMENT '登录账户',
  `user_name` varchar(255) CHARACTER SET utf8 COLLATE utf8_general_ci NULL DEFAULT NULL COMMENT '用户名',
  `password` varchar(255) CHARACTER SET utf8 COLLATE utf8_general_ci NULL DEFAULT NULL COMMENT '密码',
  `role` bigint(255) NULL DEFAULT NULL COMMENT '角色id',
  `department` bigint(20) NULL DEFAULT NULL COMMENT '所属公司',
  `status` tinyint(255) NULL DEFAULT NULL COMMENT '人员状态0：离职1：在职  2：锁定',
  `sex` varchar(4) CHARACTER SET utf8 COLLATE utf8_general_ci NULL DEFAULT NULL COMMENT '性别，直接存男，女',
  `phone` varchar(20) CHARACTER SET utf8 COLLATE utf8_general_ci NULL DEFAULT NULL COMMENT '手机号',
  PRIMARY KEY (`id`) USING BTREE,
  INDEX `FKg3wkphcshy356awlcx4is4d4s`(`department`) USING BTREE,
  CONSTRAINT `FKg3wkphcshy356awlcx4is4d4s` FOREIGN KEY (`department`) REFERENCES `sys_department` (`id`) ON DELETE RESTRICT ON UPDATE RESTRICT
) ENGINE = InnoDB AUTO_INCREMENT = 12 CHARACTER SET = utf8 COLLATE = utf8_general_ci COMMENT = '用户信息表' ROW_FORMAT = Dynamic;

-- ----------------------------
-- Records of sys_user
-- ----------------------------
INSERT INTO `sys_user` VALUES (1, 'admin', 'admin', '88888888', 1, 1, 1, '女', '15980587718');
INSERT INTO `sys_user` VALUES (2, 'wyq1', 'common', '123', 2, 1, 1, '女', '15980587718');
INSERT INTO `sys_user` VALUES (3, 'wyq2', 'financial', '88888888', 3, 1, 1, '女', '15980587718');
INSERT INTO `sys_user` VALUES (4, 'yzq', 'yzq', '88888888', 2, 2, 1, '男', '15980587718');
INSERT INTO `sys_user` VALUES (5, 'lgw', 'lgw', '88888888', 1, 2, 1, '男', '15980587718');
INSERT INTO `sys_user` VALUES (7, 'cq', '陈琪', '88888888', 1, 3, 1, '女', '15980587718');
INSERT INTO `sys_user` VALUES (8, 'wbh', '吴必辉', '88888888', 1, 2, 1, '男', '15980587718');
INSERT INTO `sys_user` VALUES (9, 'zl', '张雷', '88888888', 1, 1, 1, '男', '15980587718');

-- ----------------------------
-- Table structure for transfer_detail
-- ----------------------------
DROP TABLE IF EXISTS `transfer_detail`;
CREATE TABLE `transfer_detail`  (
  `id` int(32) NOT NULL AUTO_INCREMENT,
  `transferId` bigint(32) NULL DEFAULT NULL COMMENT '移交总表ID',
  `assets_id` varchar(255) CHARACTER SET utf8 COLLATE utf8_general_ci NULL DEFAULT NULL COMMENT '资产ID',
  PRIMARY KEY (`id`) USING BTREE,
  INDEX `FK3drpmu14ffsvk5665fwc7uyjo`(`transferId`) USING BTREE,
  CONSTRAINT `FK3drpmu14ffsvk5665fwc7uyjo` FOREIGN KEY (`transferId`) REFERENCES `transfer_master` (`transferId`) ON DELETE RESTRICT ON UPDATE RESTRICT
) ENGINE = InnoDB AUTO_INCREMENT = 22 CHARACTER SET = utf8 COLLATE = utf8_general_ci COMMENT = '资产移交详表' ROW_FORMAT = Dynamic;

-- ----------------------------
-- Records of transfer_detail
-- ----------------------------
INSERT INTO `transfer_detail` VALUES (19, 1558098414466, '2671558094343798021');
INSERT INTO `transfer_detail` VALUES (20, 1558098494328, '2671558094343798021');
INSERT INTO `transfer_detail` VALUES (21, 1558104513960, '2721558098795464591');

-- ----------------------------
-- Table structure for transfer_master
-- ----------------------------
DROP TABLE IF EXISTS `transfer_master`;
CREATE TABLE `transfer_master`  (
  `transferId` bigint(32) NOT NULL AUTO_INCREMENT COMMENT '编号',
  `ownerId` bigint(32) NULL DEFAULT NULL COMMENT '移交者ID',
  `currentId` bigint(32) NULL DEFAULT NULL COMMENT '接受者ID',
  `state` int(32) NULL DEFAULT NULL COMMENT '状态码  0——未核对  1——核对',
  `time` date NULL DEFAULT NULL COMMENT '移交记录创建时间',
  `check_time` date NULL DEFAULT NULL COMMENT '核对确认时间',
  PRIMARY KEY (`transferId`) USING BTREE
) ENGINE = InnoDB AUTO_INCREMENT = 1558104513961 CHARACTER SET = utf8 COLLATE = utf8_general_ci COMMENT = '资产移交主表' ROW_FORMAT = Dynamic;

-- ----------------------------
-- Records of transfer_master
-- ----------------------------
INSERT INTO `transfer_master` VALUES (1558098414466, 1, 2, 0, '2019-05-17', NULL);
INSERT INTO `transfer_master` VALUES (1558098494328, 1, 2, 0, '2019-05-17', NULL);
INSERT INTO `transfer_master` VALUES (1558104513960, 1, 3, 0, '2019-05-17', NULL);

SET FOREIGN_KEY_CHECKS = 1;
